SET
    FOREIGN_KEY_CHECKS = 0;

SET
    SQL_MODE = "NO_AUTO_VALUE_ON_ZERO";

SET
    AUTOCOMMIT = 0;

START TRANSACTION;

INSERT INTO
    auth_user (
        id,
        password,
        last_login,
        is_superuser,
        username,
        first_name,
        last_name,
        email,
        is_staff,
        is_active,
        date_joined
    )
VALUES
    (
        1,
        'pbkdf2_sha256$720000$fakehash1$hashedpassword=',
        '2025-01-15 10:30:00',
        0,
        'ahmed_salah',
        'Ahmed',
        'Salah',
        'ahmed@example.com',
        0,
        1,
        '2025-01-01 09:00:00'
    ),
    (
        2,
        'pbkdf2_sha256$720000$fakehash2$hashedpassword=',
        '2025-01-14 15:45:00',
        0,
        'fatma_ali',
        'Fatma',
        'Ali',
        'fatma@example.com',
        0,
        1,
        '2025-01-05 14:20:00'
    ),
    (
        3,
        'pbkdf2_sha256$720000$fakehash3$hashedpassword=',
        '2025-01-13 08:00:00',
        0,
        'mohamed_hassan',
        'Mohamed',
        'Hassan',
        'mohamed@example.com',
        0,
        1,
        '2025-01-10 11:30:00'
    );

INSERT INTO
    users_profile (
        id,
        user_id,
        first_name,
        last_name,
        avatar,
        phone,
        address,
        created_at,
        updated_at
    )
VALUES
    (
        1,
        1,
        'Ahmed',
        'Salah',
        '',
        '01012345678',
        '15 Mohamed Naguib St., Downtown, Cairo',
        '2025-01-01 09:00:00',
        '2025-01-15 10:30:00'
    ),
    (
        2,
        2,
        'Fatma',
        'Ali',
        '',
        '01098765432',
        '42 Ahmed Zewail St., Maadi, Cairo',
        '2025-01-05 14:20:00',
        '2025-01-14 15:45:00'
    ),
    (
        3,
        3,
        'Mohamed',
        'Hassan',
        '',
        '01123456789',
        '8 El-Messaha St., Dokki, Giza',
        '2025-01-10 11:30:00',
        '2025-01-13 08:00:00'
    );

INSERT INTO
    users_address (
        id,
        user_id,
        name,
        phone,
        address,
        city,
        area,
        is_default,
        created_at
    )
VALUES
    (
        1,
        1,
        'Home',
        '01012345678',
        '15 Mohamed Naguib St., Apt 5',
        'Cairo',
        'Downtown',
        1,
        '2025-01-02 10:00:00'
    ),
    (
        2,
        1,
        'Office',
        '01012345679',
        '20 Tahrir St., Business Tower, Floor 10',
        'Cairo',
        'Tahrir',
        0,
        '2025-01-03 14:00:00'
    ),
    (
        3,
        2,
        'Home',
        '01098765432',
        '42 Ahmed Zewail St., Villa 3',
        'Cairo',
        'Maadi',
        1,
        '2025-01-06 09:00:00'
    ),
    (
        4,
        3,
        'Home',
        '01123456789',
        '8 El-Messaha St., Building B',
        'Giza',
        'Dokki',
        1,
        '2025-01-11 11:00:00'
    );

INSERT INTO
    products_category (id, name, slug, image)
VALUES
    (
        1,
        'Smartphones',
        'smartphones',
        'https://images.unsplash.com/photo-1511707171634-5f897ff02aa9?w=800'
    ),
    (
        2,
        'Laptops',
        'laptops',
        'https://images.unsplash.com/photo-1496181133206-80ce9b88a853?w=800'
    ),
    (
        3,
        'Audio',
        'audio',
        'https://images.unsplash.com/photo-1505740420928-5e560c06d30e?w=800'
    ),
    (
        4,
        'Tablets',
        'tablets',
        'https://images.unsplash.com/photo-1544244015-0df4b3ffc6b0?w=800'
    ),
    (
        5,
        'Accessories',
        'accessories',
        'https://images.unsplash.com/photo-1588423771073-b8903fbb85b5?w=800'
    ),
    (
        6,
        'Smart Home',
        'smart-home',
        'https://images.unsplash.com/photo-1558002038-1055907df827?w=800'
    );

INSERT INTO
    products_brand (id, name, slug)
VALUES
    (1, 'Apple', 'apple'),
    (2, 'Samsung', 'samsung'),
    (3, 'Xiaomi', 'xiaomi'),
    (4, 'OnePlus', 'oneplus'),
    (5, 'Google', 'google'),
    (6, 'Realme', 'realme'),
    (7, 'Honor', 'honor'),
    (8, 'OPPO', 'oppo'),
    (9, 'Dell', 'dell'),
    (10, 'HP', 'hp'),
    (11, 'Lenovo', 'lenovo'),
    (12, 'ASUS', 'asus'),
    (13, 'Acer', 'acer'),
    (14, 'MSI', 'msi'),
    (15, 'Huawei', 'huawei'),
    (16, 'Sony', 'sony'),
    (17, 'Bose', 'bose'),
    (18, 'JBL', 'jbl'),
    (19, 'Sennheiser', 'sennheiser'),
    (20, 'Marshall', 'marshall'),
    (21, 'Anker', 'anker'),
    (22, 'Spigen', 'spigen'),
    (23, 'Baseus', 'baseus'),
    (24, 'Belkin', 'belkin'),
    (25, 'TP-Link', 'tp-link'),
    (26, 'Ring', 'ring'),
    (27, 'Amazon', 'amazon'),
    (28, 'Philips Hue', 'philips-hue');

INSERT INTO
    products_tag (id, name, slug)
VALUES
    (1, 'New', 'new'),
    (2, 'Bestseller', 'bestseller'),
    (3, 'Sale', 'sale'),
    (4, '5G', '5g'),
    (5, 'Flagship', 'flagship'),
    (6, 'Budget', 'budget'),
    (7, 'Premium', 'premium'),
    (8, 'Gaming', 'gaming'),
    (9, 'Pro', 'pro'),
    (10, 'Limited Edition', 'limited-edition');

INSERT INTO
    products_product (
        id,
        name,
        slug,
        sku,
        img,
        img_link,
        price,
        stock,
        type,
        description,
        external_link,
        category_id,
        brand_id,
        created_at,
        updated_at
    )
VALUES
    (
        1,
        'iPhone 15 Pro Max 256GB',
        'iphone-15-pro-max-256gb',
        'APL-IP15PM-256',
        '',
        'https://images.unsplash.com/photo-1695048133142-1a20484d2569?w=800',
        62999,
        50,
        'Smartphone',
        'iPhone 15 Pro Max with A17 Pro chip, titanium design, 48MP camera system, 6.7-inch Super Retina XDR display with ProMotion, Action Button, USB-C.',
        NULL,
        1,
        1,
        '2024-09-22 10:00:00',
        '2025-01-15 12:00:00'
    ),
    (
        2,
        'iPhone 15 Pro 128GB',
        'iphone-15-pro-128gb',
        'APL-IP15P-128',
        '',
        'https://images.unsplash.com/photo-1592750475338-74b7b21085ab?w=800',
        49999,
        35,
        'Smartphone',
        'iPhone 15 Pro features A17 Pro chip, titanium design, 48MP camera, 6.1-inch display, Action Button, USB-C, Always-On display.',
        NULL,
        1,
        1,
        '2024-09-22 10:00:00',
        '2025-01-15 12:00:00'
    ),
    (
        3,
        'iPhone 15 128GB',
        'iphone-15-128gb',
        'APL-IP15-128',
        '',
        'https://images.unsplash.com/photo-1510557880182-3d4d3cba35a5?w=800',
        35999,
        60,
        'Smartphone',
        'iPhone 15 with A16 Bionic chip, 48MP camera, Dynamic Island, USB-C, 6.1-inch Super Retina XDR display.',
        NULL,
        1,
        1,
        '2024-09-22 10:00:00',
        '2025-01-15 12:00:00'
    ),
    (
        4,
        'Samsung Galaxy S24 Ultra 256GB',
        'samsung-galaxy-s24-ultra-256gb',
        'SAM-GS24U-256',
        '',
        'https://images.unsplash.com/photo-1610945415295-d9bbf067e59c?w=800',
        57999,
        45,
        'Smartphone',
        'Galaxy S24 Ultra with S Pen, Snapdragon 8 Gen 3, 200MP camera, 6.8-inch QHD+ display, AI features, titanium frame.',
        NULL,
        1,
        2,
        '2024-01-17 10:00:00',
        '2025-01-15 12:00:00'
    ),
    (
        5,
        'Samsung Galaxy S24+ 256GB',
        'samsung-galaxy-s24-plus-256gb',
        'SAM-GS24P-256',
        '',
        'https://images.unsplash.com/photo-1678911820864-e2c567c655d7?w=800',
        42999,
        40,
        'Smartphone',
        'Galaxy S24+ with Snapdragon 8 Gen 3, 50MP camera, 6.7-inch QHD+ display, AI Circle to Search, 4900mAh battery.',
        NULL,
        1,
        2,
        '2024-01-17 10:00:00',
        '2025-01-15 12:00:00'
    ),
    (
        6,
        'Samsung Galaxy S24 128GB',
        'samsung-galaxy-s24-128gb',
        'SAM-GS24-128',
        '',
        'https://images.unsplash.com/photo-1598327105666-5b89351aff97?w=800',
        32999,
        55,
        'Smartphone',
        'Galaxy S24 with Snapdragon 8 Gen 3, 50MP camera, 6.2-inch FHD+ display, Galaxy AI features, 4000mAh battery.',
        NULL,
        1,
        2,
        '2024-01-17 10:00:00',
        '2025-01-15 12:00:00'
    ),
    (
        7,
        'Samsung Galaxy Z Fold5 512GB',
        'samsung-galaxy-z-fold5-512gb',
        'SAM-GZF5-512',
        '',
        'https://images.unsplash.com/photo-1592496001020-d31bd830651f?w=800',
        74999,
        20,
        'Foldable',
        'Galaxy Z Fold5 with S Pen, Snapdragon 8 Gen 2, 7.6-inch inner display, Flex Mode, IPX8 water resistance.',
        NULL,
        1,
        2,
        '2023-08-11 10:00:00',
        '2025-01-15 12:00:00'
    ),
    (
        8,
        'Samsung Galaxy Z Flip5 256GB',
        'samsung-galaxy-z-flip5-256gb',
        'SAM-GZF5-256',
        '',
        'https://images.unsplash.com/photo-1616046229478-9901c5536a45?w=800',
        34999,
        30,
        'Foldable',
        'Galaxy Z Flip5 with 3.4-inch Flex Window, Snapdragon 8 Gen 2, Flex Mode, compact design, multiple color options.',
        NULL,
        1,
        2,
        '2023-08-11 10:00:00',
        '2025-01-15 12:00:00'
    ),
    (
        9,
        'Xiaomi 14 Pro 512GB',
        'xiaomi-14-pro-512gb',
        'XMI-14P-512',
        '',
        'https://images.unsplash.com/photo-1511707171634-5f897ff02aa9?w=800',
        34999,
        25,
        'Smartphone',
        'Xiaomi 14 Pro with Snapdragon 8 Gen 3, Leica optics, 50MP triple camera, 6.73-inch AMOLED, 120W HyperCharge.',
        NULL,
        1,
        3,
        '2024-02-25 10:00:00',
        '2025-01-15 12:00:00'
    ),
    (
        10,
        'Xiaomi 14 512GB',
        'xiaomi-14-512gb',
        'XMI-14-512',
        '',
        'https://images.unsplash.com/photo-1592899677977-9c10ca588bbd?w=800',
        28999,
        35,
        'Smartphone',
        'Xiaomi 14 with Snapdragon 8 Gen 3, Leica camera, 6.36-inch AMOLED, 90W wired + 50W wireless charging.',
        NULL,
        1,
        3,
        '2024-02-25 10:00:00',
        '2025-01-15 12:00:00'
    ),
    (
        11,
        'Xiaomi 13T Pro 512GB',
        'xiaomi-13t-pro-512gb',
        'XMI-13TP-512',
        '',
        'https://images.unsplash.com/photo-1605236453806-6ff36851218e?w=800',
        22999,
        40,
        'Smartphone',
        'Xiaomi 13T Pro with Dimensity 9200+, Leica optics, 144Hz AMOLED, 120W HyperCharge, 5000mAh battery.',
        NULL,
        1,
        3,
        '2023-09-26 10:00:00',
        '2025-01-15 12:00:00'
    ),
    (
        12,
        'Xiaomi Redmi Note 13 Pro+ 5G',
        'xiaomi-redmi-note-13-pro-plus-5g',
        'XMI-RN13P-256',
        '',
        'https://images.unsplash.com/photo-1598327105666-5b89351aff97?w=800',
        14999,
        70,
        'Smartphone',
        'Redmi Note 13 Pro+ 5G with 200MP camera, 120W charging, 6.67-inch AMOLED, Dimensity 7200-Ultra.',
        NULL,
        1,
        3,
        '2024-01-10 10:00:00',
        '2025-01-15 12:00:00'
    ),
    (
        13,
        'OnePlus 12 512GB',
        'oneplus-12-512gb',
        'OP-12-512',
        '',
        'https://images.unsplash.com/photo-1598327105666-5b89351aff97?w=800',
        37999,
        30,
        'Smartphone',
        'OnePlus 12 with Snapdragon 8 Gen 3, Hasselblad camera, 6.82-inch LTPO AMOLED, 100W SUPERVOOC charging.',
        NULL,
        1,
        4,
        '2024-01-23 10:00:00',
        '2025-01-15 12:00:00'
    ),
    (
        14,
        'OnePlus Open 512GB',
        'oneplus-open-512gb',
        'OP-OPEN-512',
        '',
        'https://images.unsplash.com/photo-1610945415295-d9bbf067e59c?w=800',
        54999,
        15,
        'Foldable',
        'OnePlus Open with foldable 7.82-inch display, Hasselblad camera, 67W SUPERVOOC, 16GB RAM, multitasking features.',
        NULL,
        1,
        4,
        '2023-10-19 10:00:00',
        '2025-01-15 12:00:00'
    ),
    (
        15,
        'OnePlus Nord 4 256GB',
        'oneplus-nord-4-256gb',
        'OP-N4-256',
        '',
        'https://images.unsplash.com/photo-1592899677977-9c10ca588bbd?w=800',
        15999,
        45,
        'Smartphone',
        'OnePlus Nord 4 with Snapdragon 7+ Gen 3, 50MP camera, 6.74-inch AMOLED, 100W SUPERVOOC charging.',
        NULL,
        1,
        4,
        '2024-07-01 10:00:00',
        '2025-01-15 12:00:00'
    ),
    (
        16,
        'Google Pixel 8 Pro 256GB',
        'google-pixel-8-pro-256gb',
        'GGL-P8P-256',
        '',
        'https://images.unsplash.com/photo-1598327105666-5b89351aff97?w=800',
        47999,
        25,
        'Smartphone',
        'Google Pixel 8 Pro with Tensor G3, 50MP camera, Magic Eraser, Best Take, 7 years OS updates, AI features.',
        NULL,
        1,
        5,
        '2023-10-04 10:00:00',
        '2025-01-15 12:00:00'
    ),
    (
        17,
        'Google Pixel 8 128GB',
        'google-pixel-8-128gb',
        'GGL-P8-128',
        '',
        'https://images.unsplash.com/photo-1605236453806-6ff36851218e?w=800',
        32999,
        35,
        'Smartphone',
        'Google Pixel 8 with Tensor G3, 50MP camera, 6.2-inch OLED, Magic Eraser, 7 years OS updates.',
        NULL,
        1,
        5,
        '2023-10-04 10:00:00',
        '2025-01-15 12:00:00'
    ),
    (
        18,
        'Google Pixel 7a 128GB',
        'google-pixel-7a-128gb',
        'GGL-P7A-128',
        '',
        'https://images.unsplash.com/photo-1592899677977-9c10ca588bbd?w=800',
        18999,
        50,
        'Smartphone',
        'Google Pixel 7a with Tensor G2, 64MP camera, 6.1-inch OLED, wireless charging, IP67 water resistance.',
        NULL,
        1,
        5,
        '2023-05-10 10:00:00',
        '2025-01-15 12:00:00'
    ),
    (
        19,
        'Honor Magic6 Pro 512GB',
        'honor-magic6-pro-512gb',
        'HNR-M6P-512',
        '',
        'https://images.unsplash.com/photo-1511707171634-5f897ff02aa9?w=800',
        42999,
        20,
        'Smartphone',
        'Honor Magic6 Pro with Snapdragon 8 Gen 3, 180MP camera, 6.8-inch OLED, 5600mAh battery, AI features.',
        NULL,
        1,
        7,
        '2024-01-11 10:00:00',
        '2025-01-15 12:00:00'
    ),
    (
        20,
        'Realme GT5 Pro 512GB',
        'realme-gt5-pro-512gb',
        'RLM-GT5P-512',
        '',
        'https://images.unsplash.com/photo-1598327105666-5b89351aff97?w=800',
        19999,
        40,
        'Smartphone',
        'Realme GT5 Pro with Snapdragon 8 Gen 3, 50MP Sony sensor, 144Hz AMOLED, 100W charging.',
        NULL,
        1,
        6,
        '2024-01-09 10:00:00',
        '2025-01-15 12:00:00'
    );

-- =============================================
-- PRODUCTS - LAPTOPS (20)
-- =============================================
INSERT INTO
    products_product (
        id,
        name,
        slug,
        sku,
        img,
        img_link,
        price,
        stock,
        type,
        description,
        external_link,
        category_id,
        brand_id,
        created_at,
        updated_at
    )
VALUES
    (
        21,
        'MacBook Pro 14-inch M3 Pro',
        'macbook-pro-14-m3-pro',
        'APL-MBP14-M3P',
        '',
        'https://images.unsplash.com/photo-1517336714731-489689fd1ca8?w=800',
        119999,
        15,
        'Laptop',
        'MacBook Pro 14-inch with M3 Pro chip, 18GB RAM, 512GB SSD, Liquid Retina XDR display, Space Black.',
        NULL,
        2,
        1,
        '2023-10-30 10:00:00',
        '2025-01-15 12:00:00'
    ),
    (
        22,
        'MacBook Pro 14-inch M3 Max',
        'macbook-pro-14-m3-max',
        'APL-MBP14-M3M',
        '',
        'https://images.unsplash.com/photo-1611186871348-b1ce696e52c9?w=800',
        169999,
        8,
        'Laptop',
        'MacBook Pro 14-inch with M3 Max chip, 36GB RAM, 1TB SSD, Liquid Retina XDR display, advanced thermal architecture.',
        NULL,
        2,
        1,
        '2023-10-30 10:00:00',
        '2025-01-15 12:00:00'
    ),
    (
        23,
        'MacBook Air 15-inch M3',
        'macbook-air-15-m3',
        'APL-MBA15-M3',
        '',
        'https://images.unsplash.com/photo-1541807084-5c52b6b92e31?w=800',
        79999,
        25,
        'Laptop',
        'MacBook Air 15-inch with M3 chip, 8GB RAM, 256GB SSD, Liquid Retina display, fanless design, all-day battery.',
        NULL,
        2,
        1,
        '2024-03-04 10:00:00',
        '2025-01-15 12:00:00'
    ),
    (
        24,
        'MacBook Air 13-inch M3',
        'macbook-air-13-m3',
        'APL-MBA13-M3',
        '',
        'https://images.unsplash.com/photo-1496181133206-80ce9b88a853?w=800',
        64999,
        30,
        'Laptop',
        'MacBook Air 13-inch with M3 chip, 8GB RAM, 256GB SSD, Liquid Retina display, thin and light design.',
        NULL,
        2,
        1,
        '2024-03-04 10:00:00',
        '2025-01-15 12:00:00'
    ),
    (
        25,
        'Dell XPS 15 9530',
        'dell-xps-15-9530',
        'DELL-XPS15-9530',
        '',
        'https://images.unsplash.com/photo-1593642632559-0c6d3fc62b89?w=800',
        89999,
        12,
        'Laptop',
        'Dell XPS 15 with Intel Core i9-13900H, 32GB RAM, 1TB SSD, NVIDIA RTX 4060, 15.6-inch 3.5K OLED display.',
        NULL,
        2,
        9,
        '2023-06-01 10:00:00',
        '2025-01-15 12:00:00'
    ),
    (
        26,
        'Dell XPS 13 Plus 9320',
        'dell-xps-13-plus-9320',
        'DELL-XPS13P-9320',
        '',
        'https://images.unsplash.com/photo-1496181133206-80ce9b88a853?w=800',
        69999,
        18,
        'Laptop',
        'Dell XPS 13 Plus with Intel Core i7-1360P, 16GB RAM, 512GB SSD, 13.4-inch FHD+ InfinityEdge display.',
        NULL,
        2,
        9,
        '2023-06-01 10:00:00',
        '2025-01-15 12:00:00'
    ),
    (
        27,
        'Dell XPS 14 9440',
        'dell-xps-14-9440',
        'DELL-XPS14-9440',
        '',
        'https://images.unsplash.com/photo-1541807084-5c52b6b92e31?w=800',
        79999,
        10,
        'Laptop',
        'Dell XPS 14 with Intel Core Ultra 7, 32GB RAM, 1TB SSD, NVIDIA RTX 4050, 14.5-inch FHD+ display.',
        NULL,
        2,
        9,
        '2024-01-09 10:00:00',
        '2025-01-15 12:00:00'
    ),
    (
        28,
        'HP Spectre x360 16',
        'hp-spectre-x360-16',
        'HP-SPECTRE-X360-16',
        '',
        'https://images.unsplash.com/photo-1593642632559-0c6d3fc62b89?w=800',
        74999,
        15,
        'Convertible',
        'HP Spectre x360 16 with Intel Core i7-1360P, 16GB RAM, 1TB SSD, 16-inch 3K+ OLED touch display, 360-degree hinge.',
        NULL,
        2,
        10,
        '2023-08-15 10:00:00',
        '2025-01-15 12:00:00'
    ),
    (
        29,
        'HP EliteBook 840 G10',
        'hp-elitebook-840-g10',
        'HP-ELITE-840-G10',
        '',
        'https://images.unsplash.com/photo-1496181133206-80ce9b88a853?w=800',
        54999,
        20,
        'Business Laptop',
        'HP EliteBook 840 G10 with Intel Core i7-1355U, 16GB RAM, 512GB SSD, 14-inch FHD display, business security features.',
        NULL,
        2,
        10,
        '2023-08-15 10:00:00',
        '2025-01-15 12:00:00'
    ),
    (
        30,
        'HP Omen 16',
        'hp-omen-16',
        'HP-OMEN-16',
        '',
        'https://images.unsplash.com/photo-1593642632559-0c6d3fc62b89?w=800',
        65999,
        12,
        'Gaming Laptop',
        'HP Omen 16 with Intel Core i7-13700H, 16GB RAM, 512GB SSD, NVIDIA RTX 4060, 16.1-inch QHD 165Hz display.',
        NULL,
        2,
        10,
        '2023-08-15 10:00:00',
        '2025-01-15 12:00:00'
    ),
    (
        31,
        'Lenovo ThinkPad X1 Carbon Gen 11',
        'lenovo-thinkpad-x1-carbon-gen-11',
        'LENOVO-X1C-G11',
        '',
        'https://images.unsplash.com/photo-1541807084-5c52b6b92e31?w=800',
        79999,
        12,
        'Business Laptop',
        'Lenovo ThinkPad X1 Carbon Gen 11 with Intel Core i7-1365U, 32GB RAM, 512GB SSD, 14-inch 2.8K OLED display.',
        NULL,
        2,
        11,
        '2023-03-14 10:00:00',
        '2025-01-15 12:00:00'
    ),
    (
        32,
        'Lenovo Yoga Pro 9i 16',
        'lenovo-yoga-pro-9i-16',
        'LENOVO-YOGA-PRO-9I',
        '',
        'https://images.unsplash.com/photo-1593642632559-0c6d3fc62b89?w=800',
        94999,
        8,
        'Laptop',
        'Lenovo Yoga Pro 9i 16 with Intel Core i9-13905H, 32GB RAM, 1TB SSD, NVIDIA RTX 4070, 16-inch Mini-LED display.',
        NULL,
        2,
        11,
        '2024-01-09 10:00:00',
        '2025-01-15 12:00:00'
    ),
    (
        33,
        'Lenovo Legion Pro 7',
        'lenovo-legion-pro-7',
        'LENOVO-LEGION-PRO-7',
        '',
        'https://images.unsplash.com/photo-1496181133206-80ce9b88a853?w=800',
        119999,
        6,
        'Gaming Laptop',
        'Lenovo Legion Pro 7 with Intel Core i9-14900HX, 32GB RAM, 1TB SSD, NVIDIA RTX 4080, 16-inch WQXGA 240Hz display.',
        NULL,
        2,
        11,
        '2024-02-20 10:00:00',
        '2025-01-15 12:00:00'
    ),
    (
        34,
        'ASUS ROG Zephyrus G16',
        'asus-rog-zephyrus-g16',
        'ASUS-ROG-G16',
        '',
        'https://images.unsplash.com/photo-1593642632559-0c6d3fc62b89?w=800',
        109999,
        8,
        'Gaming Laptop',
        'ASUS ROG Zephyrus G16 with Intel Core i9-14900HX, 32GB RAM, 1TB SSD, NVIDIA RTX 4080, 16-inch ROG Nebula display.',
        NULL,
        2,
        12,
        '2024-02-20 10:00:00',
        '2025-01-15 12:00:00'
    ),
    (
        35,
        'ASUS ZenBook 14 OLED',
        'asus-zenbook-14-oled',
        'ASUS-ZB14-OLED',
        '',
        'https://images.unsplash.com/photo-1541807084-5c52b6b92e31?w=800',
        49999,
        18,
        'Laptop',
        'ASUS ZenBook 14 OLED with Intel Core Ultra 7, 16GB RAM, 512GB SSD, 14-inch 2.8K OLED display, NumberPad.',
        NULL,
        2,
        12,
        '2024-01-09 10:00:00',
        '2025-01-15 12:00:00'
    ),
    (
        36,
        'ASUS VivoBook S15',
        'asus-vivobook-s15',
        'ASUS-VB-S15',
        '',
        'https://images.unsplash.com/photo-1496181133206-80ce9b88a853?w=800',
        34999,
        25,
        'Laptop',
        'ASUS VivoBook S15 with Intel Core i5-13500H, 16GB RAM, 512GB SSD, 15.6-inch FHD display, lightweight design.',
        NULL,
        2,
        12,
        '2023-08-15 10:00:00',
        '2025-01-15 12:00:00'
    ),
    (
        37,
        'MSI Creator Z17 HX Studio',
        'msi-creator-z17-hx-studio',
        'MSI-CREATOR-Z17',
        '',
        'https://images.unsplash.com/photo-1593642632559-0c6d3fc62b89?w=800',
        129999,
        5,
        'Creator Laptop',
        'MSI Creator Z17 HX Studio with Intel Core i9-14900HX, 64GB RAM, 2TB SSD, NVIDIA RTX 4070, 17-inch QHD+ display.',
        NULL,
        2,
        14,
        '2024-02-20 10:00:00',
        '2025-01-15 12:00:00'
    ),
    (
        38,
        'MSI Katana 15 B13VFK',
        'msi-katana-15-b13vfk',
        'MSI-KATANA-15',
        '',
        'https://images.unsplash.com/photo-1496181133206-80ce9b88a853?w=800',
        59999,
        10,
        'Gaming Laptop',
        'MSI Katana 15 with Intel Core i7-13620H, 16GB RAM, 512GB SSD, NVIDIA RTX 4060, 15.6-inch FHD 144Hz display.',
        NULL,
        2,
        14,
        '2023-08-15 10:00:00',
        '2025-01-15 12:00:00'
    ),
    (
        39,
        'Acer Swift Go 14',
        'acer-swift-go-14',
        'ACER-SWIFT-GO-14',
        '',
        'https://images.unsplash.com/photo-1541807084-5c52b6b92e31?w=800',
        39999,
        20,
        'Laptop',
        'Acer Swift Go 14 with Intel Core Ultra 7, 16GB RAM, 512GB SSD, 14-inch 2.8K OLED display, thin and light.',
        NULL,
        2,
        13,
        '2024-01-09 10:00:00',
        '2025-01-15 12:00:00'
    ),
    (
        40,
        'Huawei MateBook X Pro',
        'huawei-matebook-x-pro',
        'HUAWEI-MATE-X-PRO',
        '',
        'https://images.unsplash.com/photo-1593642632559-0c6d3fc62b89?w=800',
        69999,
        12,
        'Laptop',
        'Huawei MateBook X Pro with Intel Core Ultra 9, 32GB RAM, 1TB SSD, 14.2-inch 3.1K LTPS display, Super Device.',
        NULL,
        2,
        15,
        '2024-02-20 10:00:00',
        '2025-01-15 12:00:00'
    );

-- =============================================
-- PRODUCTS - AUDIO (20)
-- =============================================
INSERT INTO
    products_product (
        id,
        name,
        slug,
        sku,
        img,
        img_link,
        price,
        stock,
        type,
        description,
        external_link,
        category_id,
        brand_id,
        created_at,
        updated_at
    )
VALUES
    (
        41,
        'AirPods Pro 2nd Generation',
        'airpods-pro-2nd-gen',
        'APL-APP-2',
        '',
        'https://images.unsplash.com/photo-1606220588913-b3aacb4d2f46?w=800',
        9999,
        80,
        'Earbuds',
        'AirPods Pro 2nd Generation with USB-C, Active Noise Cancellation, Adaptive Audio, Transparency mode, Personalized Spatial Audio.',
        NULL,
        3,
        1,
        '2023-09-12 10:00:00',
        '2025-01-15 12:00:00'
    ),
    (
        42,
        'AirPods Max',
        'airpods-max',
        'APL-APM',
        '',
        'https://images.unsplash.com/photo-1505740420928-5e560c06d30e?w=800',
        26999,
        30,
        'Over-Ear Headphones',
        'AirPods Max with Spatial Audio, Active Noise Cancellation, Transparency mode, breathable knit mesh canopy, 20-hour battery.',
        NULL,
        3,
        1,
        '2020-12-15 10:00:00',
        '2025-01-15 12:00:00'
    ),
    (
        43,
        'AirPods 3rd Generation',
        'airpods-3rd-gen',
        'APL-AP3',
        '',
        'https://images.unsplash.com/photo-1590658268037-6bf12165a8df?w=800',
        6999,
        60,
        'Earbuds',
        'AirPods 3rd Generation with Spatial Audio, Adaptive EQ, sweat and water resistant, 6-hour battery life.',
        NULL,
        3,
        1,
        '2021-10-18 10:00:00',
        '2025-01-15 12:00:00'
    ),
    (
        44,
        'Samsung Galaxy Buds2 Pro',
        'samsung-galaxy-buds2-pro',
        'SAM-GBP2',
        '',
        'https://images.unsplash.com/photo-1606220588913-b3aacb4d2f46?w=800',
        7999,
        45,
        'Earbuds',
        'Samsung Galaxy Buds2 Pro with 24-bit Hi-Fi audio, ANC, 360 Audio, IPX7 water resistance, 5-hour battery.',
        NULL,
        3,
        2,
        '2022-08-10 10:00:00',
        '2025-01-15 12:00:00'
    ),
    (
        45,
        'Samsung Galaxy Buds FE',
        'samsung-galaxy-buds-fe',
        'SAM-GBFE',
        '',
        'https://images.unsplash.com/photo-1590658268037-6bf12165a8df?w=800',
        3499,
        70,
        'Earbuds',
        'Samsung Galaxy Buds FE with Active Noise Cancellation, 6-hour battery, comfortable wingtip design, touch controls.',
        NULL,
        3,
        2,
        '2023-10-05 10:00:00',
        '2025-01-15 12:00:00'
    ),
    (
        46,
        'Sony WH-1000XM5',
        'sony-wh-1000xm5',
        'SNY-WH1000XM5',
        '',
        'https://images.unsplash.com/photo-1505740420928-5e560c06d30e?w=800',
        15999,
        35,
        'Over-Ear Headphones',
        'Sony WH-1000XM5 with industry-leading ANC, 30-hour battery, LDAC, DSEE Extreme, multipoint connection, lightweight design.',
        NULL,
        3,
        16,
        '2022-05-18 10:00:00',
        '2025-01-15 12:00:00'
    ),
    (
        47,
        'Sony WF-1000XM5',
        'sony-wf-1000xm5',
        'SNY-WF1000XM5',
        '',
        'https://images.unsplash.com/photo-1606220588913-b3aacb4d2f46?w=800',
        9999,
        40,
        'Earbuds',
        'Sony WF-1000XM5 with best-in-class ANC, LDAC, 8-hour battery, speak-to-chat, multipoint connection.',
        NULL,
        3,
        16,
        '2023-08-08 10:00:00',
        '2025-01-15 12:00:00'
    ),
    (
        48,
        'Sony WH-XB910N',
        'sony-wh-xb910n',
        'SNY-WHXB910N',
        '',
        'https://images.unsplash.com/photo-1505740420928-5e560c06d30e?w=800',
        8999,
        30,
        'Over-Ear Headphones',
        'Sony WH-XB910N with Extra Bass, ANC, 30-hour battery, multipoint connection, comfortable over-ear design.',
        NULL,
        3,
        16,
        '2021-09-07 10:00:00',
        '2025-01-15 12:00:00'
    ),
    (
        49,
        'Bose QuietComfort Ultra Headphones',
        'bose-qc-ultra-headphones',
        'BOSE-QCU-HP',
        '',
        'https://images.unsplash.com/photo-1505740420928-5e560c06d30e?w=800',
        17999,
        25,
        'Over-Ear Headphones',
        'Bose QuietComfort Ultra with world-class ANC, Spatial Audio, 24-hour battery, CustomTune, lightweight design.',
        NULL,
        3,
        17,
        '2023-09-14 10:00:00',
        '2025-01-15 12:00:00'
    ),
    (
        50,
        'Bose QuietComfort Ultra Earbuds',
        'bose-qc-ultra-earbuds',
        'BOSE-QCU-EB',
        '',
        'https://images.unsplash.com/photo-1606220588913-b3aacb4d2f46?w=800',
        11999,
        30,
        'Earbuds',
        'Bose QuietComfort Ultra Earbuds with Immersive Audio, ANC, 6-hour battery, IPX4 water resistant.',
        NULL,
        3,
        17,
        '2023-09-14 10:00:00',
        '2025-01-15 12:00:00'
    ),
    (
        51,
        'Bose QuietComfort 45',
        'bose-qc-45',
        'BOSE-QC45',
        '',
        'https://images.unsplash.com/photo-1505740420928-5e560c06d30e?w=800',
        12999,
        35,
        'Over-Ear Headphones',
        'Bose QC45 with ANC, balanced sound, 24-hour battery, lightweight foldable design, Bluetooth 5.1.',
        NULL,
        3,
        17,
        '2021-09-07 10:00:00',
        '2025-01-15 12:00:00'
    ),
    (
        52,
        'JBL Tune 770NC',
        'jbl-tune-770nc',
        'JBL-T770NC',
        '',
        'https://images.unsplash.com/photo-1505740420928-5e560c06d30e?w=800',
        4999,
        40,
        'Over-Ear Headphones',
        'JBL Tune 770NC with Adaptive Noise Cancelling, 70-hour battery, JBL Pure Bass Sound, foldable design.',
        NULL,
        3,
        18,
        '2024-01-15 10:00:00',
        '2025-01-15 12:00:00'
    ),
    (
        53,
        'JBL Tune Flex',
        'jbl-tune-flex',
        'JBL-TFLEX',
        '',
        'https://images.unsplash.com/photo-1606220588913-b3aacb4d2f46?w=800',
        3499,
        50,
        'Earbuds',
        'JBL Tune Flex with 32-hour battery, IPX4 water resistant, touch controls, hands-free calling.',
        NULL,
        3,
        18,
        '2023-08-01 10:00:00',
        '2025-01-15 12:00:00'
    ),
    (
        54,
        'JBL PartyBox 110',
        'jbl-partybox-110',
        'JBL-PB110',
        '',
        'https://images.unsplash.com/photo-1545454675-3531b543be5d?w=800',
        18999,
        15,
        'Party Speaker',
        'JBL PartyBox 110 with 260W output, Bass Boost, LED light show, IPX4 splash proof, 12-hour battery.',
        NULL,
        3,
        18,
        '2023-08-01 10:00:00',
        '2025-01-15 12:00:00'
    ),
    (
        55,
        'Sennheiser Momentum 4 Wireless',
        'sennheiser-momentum-4',
        'SEN-MOM4',
        '',
        'https://images.unsplash.com/photo-1505740420928-5e560c06d30e?w=800',
        16999,
        20,
        'Over-Ear Headphones',
        'Sennheiser Momentum 4 with audiophile-quality sound, 60-hour battery, Adaptive ANC, premium design.',
        NULL,
        3,
        19,
        '2022-08-23 10:00:00',
        '2025-01-15 12:00:00'
    ),
    (
        56,
        'Sennheiser IE 200',
        'sennheiser-ie-200',
        'SEN-IE200',
        '',
        'https://images.unsplash.com/photo-1590658268037-6bf12165a8df?w=800',
        4999,
        25,
        'In-Ear Monitors',
        'Sennheiser IE 200 with balanced armature driver, detachable cable, audiophile-grade sound, ergonomic design.',
        NULL,
        3,
        19,
        '2023-01-10 10:00:00',
        '2025-01-15 12:00:00'
    ),
    (
        57,
        'Marshall Major IV',
        'marshall-major-iv',
        'MRS-MJ4',
        '',
        'https://images.unsplash.com/photo-1505740420928-5e560c06d30e?w=800',
        6999,
        30,
        'On-Ear Headphones',
        'Marshall Major IV with signature sound, 80+ hour battery, wireless charging, foldable design, multi-directional control knob.',
        NULL,
        3,
        20,
        '2020-10-20 10:00:00',
        '2025-01-15 12:00:00'
    ),
    (
        58,
        'Marshall Stanmore III',
        'marshall-stanmore-iii',
        'MRS-STANMORE3',
        '',
        'https://images.unsplash.com/photo-1545454675-3531b543be5d?w=800',
        14999,
        15,
        'Bluetooth Speaker',
        'Marshall Stanmore III with 80W output, Room-filling sound, Bluetooth 5.2, RCA/3.5mm inputs, iconic design.',
        NULL,
        3,
        20,
        '2022-09-13 10:00:00',
        '2025-01-15 12:00:00'
    ),
    (
        59,
        'Marshall Willen',
        'marshall-willen',
        'MRS-WILLEN',
        '',
        'https://images.unsplash.com/photo-1608043152269-423dbba4e7e1?w=800',
        2499,
        45,
        'Portable Speaker',
        'Marshall Willen with 30+ hour battery, IPX7 water resistant, attachable strap, powerful sound.',
        NULL,
        3,
        20,
        '2022-09-13 10:00:00',
        '2025-01-15 12:00:00'
    ),
    (
        60,
        'Anker Soundcore Space Q45',
        'anker-soundcore-space-q45',
        'ANKER-SQ45',
        '',
        'https://images.unsplash.com/photo-1505740420928-5e560c06d30e?w=800',
        4499,
        35,
        'Over-Ear Headphones',
        'Anker Soundcore Space Q45 with Adaptive ANC, 50-hour battery, LDAC, foldable design, multi-point connection.',
        NULL,
        3,
        21,
        '2023-06-01 10:00:00',
        '2025-01-15 12:00:00'
    );

-- =============================================
-- PRODUCTS - TABLETS (20)
-- =============================================
INSERT INTO
    products_product (
        id,
        name,
        slug,
        sku,
        img,
        img_link,
        price,
        stock,
        type,
        description,
        external_link,
        category_id,
        brand_id,
        created_at,
        updated_at
    )
VALUES
    (
        61,
        'iPad Pro 12.9-inch M4',
        'ipad-pro-12-9-m4',
        'APL-IPDP-129-M4',
        '',
        'https://images.unsplash.com/photo-1544244015-0df4b3ffc6b0?w=800',
        58999,
        20,
        'Tablet',
        'iPad Pro 12.9-inch with M4 chip, Liquid Retina XDR display, ProMotion, 256GB, Wi-Fi, Space Black.',
        NULL,
        4,
        1,
        '2024-05-07 10:00:00',
        '2025-01-15 12:00:00'
    ),
    (
        62,
        'iPad Pro 11-inch M4',
        'ipad-pro-11-m4',
        'APL-IPDP-11-M4',
        '',
        'https://images.unsplash.com/photo-1585776245991-cf89dd7fc73a?w=800',
        44999,
        25,
        'Tablet',
        'iPad Pro 11-inch with M4 chip, Ultra Retina XDR display, ProMotion, 256GB, Wi-Fi, Space Black.',
        NULL,
        4,
        1,
        '2024-05-07 10:00:00',
        '2025-01-15 12:00:00'
    ),
    (
        63,
        'iPad Air 11-inch M2',
        'ipad-air-11-m2',
        'APL-IPDA-11-M2',
        '',
        'https://images.unsplash.com/photo-1544244015-0df4b3ffc6b0?w=800',
        29999,
        30,
        'Tablet',
        'iPad Air 11-inch with M2 chip, Liquid Retina display, 256GB, Wi-Fi, thin and light design.',
        NULL,
        4,
        1,
        '2024-03-04 10:00:00',
        '2025-01-15 12:00:00'
    ),
    (
        64,
        'iPad 10th Generation',
        'ipad-10th-gen',
        'APL-IP10',
        '',
        'https://images.unsplash.com/photo-1585776245991-cf89dd7fc73a?w=800',
        18999,
        40,
        'Tablet',
        'iPad 10th Generation with A14 Bionic, 10.9-inch Liquid Retina display, 64GB, Wi-Fi, vibrant colors.',
        NULL,
        4,
        1,
        '2022-10-18 10:00:00',
        '2025-01-15 12:00:00'
    ),
    (
        65,
        'iPad mini 6th Generation',
        'ipad-mini-6',
        'APL-IPM6',
        '',
        'https://images.unsplash.com/photo-1544244015-0df4b3ffc6b0?w=800',
        22999,
        25,
        'Tablet',
        'iPad mini 6th Generation with A15 Bionic, 8.3-inch Liquid Retina display, 256GB, compact design.',
        NULL,
        4,
        1,
        '2021-09-14 10:00:00',
        '2025-01-15 12:00:00'
    ),
    (
        66,
        'Samsung Galaxy Tab S9 Ultra',
        'samsung-galaxy-tab-s9-ultra',
        'SAM-TAB-S9U',
        '',
        'https://images.unsplash.com/photo-1544244015-0df4b3ffc6b0?w=800',
        49999,
        15,
        'Tablet',
        'Galaxy Tab S9 Ultra with Snapdragon 8 Gen 2, 14.6-inch AMOLED, S Pen included, 12GB RAM, 256GB.',
        NULL,
        4,
        2,
        '2023-08-11 10:00:00',
        '2025-01-15 12:00:00'
    ),
    (
        67,
        'Samsung Galaxy Tab S9+',
        'samsung-galaxy-tab-s9-plus',
        'SAM-TAB-S9P',
        '',
        'https://images.unsplash.com/photo-1585776245991-cf89dd7fc73a?w=800',
        37999,
        20,
        'Tablet',
        'Galaxy Tab S9+ with Snapdragon 8 Gen 2, 12.4-inch AMOLED, S Pen included, 12GB RAM, 256GB.',
        NULL,
        4,
        2,
        '2023-08-11 10:00:00',
        '2025-01-15 12:00:00'
    ),
    (
        68,
        'Samsung Galaxy Tab S9',
        'samsung-galaxy-tab-s9',
        'SAM-TAB-S9',
        '',
        'https://images.unsplash.com/photo-1544244015-0df4b3ffc6b0?w=800',
        28999,
        25,
        'Tablet',
        'Galaxy Tab S9 with Snapdragon 8 Gen 2, 11-inch AMOLED, S Pen included, 8GB RAM, 128GB.',
        NULL,
        4,
        2,
        '2023-08-11 10:00:00',
        '2025-01-15 12:00:00'
    ),
    (
        69,
        'Samsung Galaxy Tab A9+',
        'samsung-galaxy-tab-a9-plus',
        'SAM-TAB-A9P',
        '',
        'https://images.unsplash.com/photo-1585776245991-cf89dd7fc73a?w=800',
        9999,
        45,
        'Tablet',
        'Galaxy Tab A9+ with Snapdragon 695, 11-inch LCD, 8GB RAM, 128GB, perfect for entertainment.',
        NULL,
        4,
        2,
        '2023-10-05 10:00:00',
        '2025-01-15 12:00:00'
    ),
    (
        70,
        'Xiaomi Pad 6',
        'xiaomi-pad-6',
        'XMI-PAD6',
        '',
        'https://images.unsplash.com/photo-1544244015-0df4b3ffc6b0?w=800',
        12999,
        30,
        'Tablet',
        'Xiaomi Pad 6 with Snapdragon 870, 11-inch 2.8K display, 144Hz, 8GB RAM, 256GB, aluminum body.',
        NULL,
        4,
        3,
        '2023-06-13 10:00:00',
        '2025-01-15 12:00:00'
    ),
    (
        71,
        'Xiaomi Pad 6S Pro',
        'xiaomi-pad-6s-pro',
        'XMI-PAD6SP',
        '',
        'https://images.unsplash.com/photo-1585776245991-cf89dd7fc73a?w=800',
        18999,
        20,
        'Tablet',
        'Xiaomi Pad 6S Pro with Snapdragon 8 Gen 2, 12.4-inch 3K display, 120W charging, 8GB RAM, 256GB.',
        NULL,
        4,
        3,
        '2024-02-22 10:00:00',
        '2025-01-15 12:00:00'
    ),
    (
        72,
        'Lenovo Tab P12 Pro',
        'lenovo-tab-p12-pro',
        'LENOVO-TAB-P12P',
        '',
        'https://images.unsplash.com/photo-1544244015-0df4b3ffc6b0?w=800',
        22999,
        15,
        'Tablet',
        'Lenovo Tab P12 Pro with Snapdragon 870, 12.6-inch AMOLED, 120Hz, S Pen support, 8GB RAM, 256GB.',
        NULL,
        4,
        11,
        '2022-09-01 10:00:00',
        '2025-01-15 12:00:00'
    ),
    (
        73,
        'Lenovo Tab P11 Gen 2',
        'lenovo-tab-p11-gen-2',
        'LENOVO-TAB-P11G2',
        '',
        'https://images.unsplash.com/photo-1585776245991-cf89dd7fc73a?w=800',
        10999,
        25,
        'Tablet',
        'Lenovo Tab P11 Gen 2 with MediaTek Helio G99, 11.5-inch 2K display, 90Hz, 6GB RAM, 128GB.',
        NULL,
        4,
        11,
        '2023-03-14 10:00:00',
        '2025-01-15 12:00:00'
    ),
    (
        74,
        'Lenovo Tab M10 5G',
        'lenovo-tab-m10-5g',
        'LENOVO-TAB-M10-5G',
        '',
        'https://images.unsplash.com/photo-1544244015-0df4b3ffc6b0?w=800',
        8999,
        30,
        'Tablet',
        'Lenovo Tab M10 5G with Snapdragon 695, 10.61-inch FHD display, 5G connectivity, 6GB RAM, 128GB.',
        NULL,
        4,
        11,
        '2023-06-13 10:00:00',
        '2025-01-15 12:00:00'
    ),
    (
        75,
        'Huawei MatePad Pro 13.2',
        'huawei-matepad-pro-13-2',
        'HUAWEI-MP-PRO-132',
        '',
        'https://images.unsplash.com/photo-1544244015-0df4b3ffc6b0?w=800',
        32999,
        12,
        'Tablet',
        'Huawei MatePad Pro 13.2 with Kirin 9000S, 13.2-inch OLED, 144Hz, M-Pencil support, 12GB RAM, 256GB.',
        NULL,
        4,
        15,
        '2023-09-25 10:00:00',
        '2025-01-15 12:00:00'
    ),
    (
        76,
        'Huawei MatePad 11.5',
        'huawei-matepad-11-5',
        'HUAWEI-MP-115',
        '',
        'https://images.unsplash.com/photo-1585776245991-cf89dd7fc73a?w=800',
        12999,
        20,
        'Tablet',
        'Huawei MatePad 11.5 with Snapdragon 7 Gen 1, 11.5-inch 120Hz display, M-Pencil support, 8GB RAM, 128GB.',
        NULL,
        4,
        15,
        '2024-01-09 10:00:00',
        '2025-01-15 12:00:00'
    ),
    (
        77,
        'OPPO Pad Air',
        'oppo-pad-air',
        'OPPO-PAD-AIR',
        '',
        'https://images.unsplash.com/photo-1544244015-0df4b3ffc6b0?w=800',
        6999,
        35,
        'Tablet',
        'OPPO Pad Air with Snapdragon 680, 10.36-inch 2K display, quad speakers, 4GB RAM, 128GB.',
        NULL,
        4,
        8,
        '2023-05-23 10:00:00',
        '2025-01-15 12:00:00'
    ),
    (
        78,
        'Realme Pad X',
        'realme-pad-x',
        'RLM-PAD-X',
        '',
        'https://images.unsplash.com/photo-1585776245991-cf89dd7fc73a?w=800',
        8999,
        25,
        'Tablet',
        'Realme Pad X with Snapdragon 695, 10.95-inch 2K display, 5G support, 6GB RAM, 128GB.',
        NULL,
        4,
        6,
        '2022-06-14 10:00:00',
        '2025-01-15 12:00:00'
    ),
    (
        79,
        'Nokia T21',
        'nokia-t21',
        'NOKIA-T21',
        '',
        'https://images.unsplash.com/photo-1544244015-0df4b3ffc6b0?w=800',
        4999,
        40,
        'Tablet',
        'Nokia T21 with Unisoc T612, 10.36-inch FHD display, 8MP camera, 4GB RAM, 64GB, 2 years updates.',
        NULL,
        4,
        27,
        '2023-03-14 10:00:00',
        '2025-01-15 12:00:00'
    ),
    (
        80,
        'Honor Pad 9',
        'honor-pad-9',
        'HNR-PAD9',
        '',
        'https://images.unsplash.com/photo-1585776245991-cf89dd7fc73a?w=800',
        9999,
        30,
        'Tablet',
        'Honor Pad 9 with Snapdragon 6 Gen 1, 12.1-inch 2.5K display, 8 speakers, 8GB RAM, 256GB.',
        NULL,
        4,
        7,
        '2024-01-09 10:00:00',
        '2025-01-15 12:00:00'
    );

-- =============================================
-- PRODUCTS - ACCESSORIES (20)
-- =============================================
INSERT INTO
    products_product (
        id,
        name,
        slug,
        sku,
        img,
        img_link,
        price,
        stock,
        type,
        description,
        external_link,
        category_id,
        brand_id,
        created_at,
        updated_at
    )
VALUES
    (
        81,
        'Apple MagSafe Charger',
        'apple-magsafe-charger',
        'APL-MAG-CHG',
        '',
        'https://images.unsplash.com/photo-1588423771073-b8903fbb85b5?w=800',
        2499,
        100,
        'Charger',
        'Apple MagSafe Charger for iPhone with magnetic alignment, 15W fast charging, Qi compatible.',
        NULL,
        5,
        1,
        '2020-10-13 10:00:00',
        '2025-01-15 12:00:00'
    ),
    (
        82,
        'Apple AirPods Pro Case',
        'apple-airpods-pro-case',
        'APL-APP-CASE',
        '',
        'https://images.unsplash.com/photo-1606220588913-b3aacb4d2f46?w=800',
        799,
        150,
        'Accessory',
        'Silicone case for AirPods Pro, precise cutouts, wireless charging compatible, multiple colors.',
        NULL,
        5,
        1,
        '2022-09-09 10:00:00',
        '2025-01-15 12:00:00'
    ),
    (
        83,
        'Apple USB-C to Lightning Cable 1m',
        'apple-usbc-lightning-1m',
        'APL-CBL-LIGHT-1M',
        '',
        'https://images.unsplash.com/photo-1588423771073-b8903fbb85b5?w=800',
        1499,
        80,
        'Cable',
        'Apple USB-C to Lightning Cable 1m, fast charging compatible, durable braided design.',
        NULL,
        5,
        1,
        '2020-10-13 10:00:00',
        '2025-01-15 12:00:00'
    ),
    (
        84,
        'Samsung 45W Travel Adapter',
        'samsung-45w-travel-adapter',
        'SAM-ADP-45W',
        '',
        'https://images.unsplash.com/photo-1588423771073-b8903fbb85b5?w=800',
        1499,
        90,
        'Charger',
        'Samsung 45W Travel Adapter with USB-C, fast charging, compact design, works with Galaxy devices.',
        NULL,
        5,
        2,
        '2023-08-11 10:00:00',
        '2025-01-15 12:00:00'
    ),
    (
        85,
        'Samsung Galaxy Buds Case',
        'samsung-galaxy-buds-case',
        'SAM-BUDS-CASE',
        '',
        'https://images.unsplash.com/photo-1606220588913-b3aacb4d2f46?w=800',
        499,
        120,
        'Accessory',
        'Protective case for Galaxy Buds, silicone material, carabiner included, multiple colors.',
        NULL,
        5,
        2,
        '2023-08-11 10:00:00',
        '2025-01-15 12:00:00'
    ),
    (
        86,
        'Anker PowerCore 20000mAh',
        'anker-powercore-20000',
        'ANKER-PC-20K',
        '',
        'https://images.unsplash.com/photo-1588423771073-b8903fbb85b5?w=800',
        2499,
        75,
        'Power Bank',
        'Anker PowerCore 20000mAh with 20W PowerIQ, dual USB-C ports, charges 3 devices simultaneously.',
        NULL,
        5,
        21,
        '2023-06-01 10:00:00',
        '2025-01-15 12:00:00'
    ),
    (
        87,
        'Anker 737 Power Bank 24000mAh',
        'anker-737-powerbank-24k',
        'ANKER-PB-737',
        '',
        'https://images.unsplash.com/photo-1588423771073-b8903fbb85b5?w=800',
        5999,
        40,
        'Power Bank',
        'Anker 737 Power Bank with 140W output, Smart Digital Display, charges MacBook Pro, 24000mAh.',
        NULL,
        5,
        21,
        '2023-01-10 10:00:00',
        '2025-01-15 12:00:00'
    ),
    (
        88,
        'Anker USB-C to USB-C Cable 6ft',
        'anker-usbc-usbc-6ft',
        'ANKER-CBL-CC-6FT',
        '',
        'https://images.unsplash.com/photo-1588423771073-b8903fbb85b5?w=800',
        699,
        100,
        'Cable',
        'Anker USB-C to USB-C Cable 6ft, 100W, PowerDelivery compatible, durable braided design.',
        NULL,
        5,
        21,
        '2023-06-01 10:00:00',
        '2025-01-15 12:00:00'
    ),
    (
        89,
        'Spigen Ultra Hybrid iPhone 15 Pro',
        'spigen-ultra-hybrid-iphone-15-pro',
        'SPG-UH-IP15P',
        '',
        'https://images.unsplash.com/photo-1598327105666-5b89351aff97?w=800',
        599,
        200,
        'Phone Case',
        'Spigen Ultra Hybrid case for iPhone 15 Pro, military-grade protection, raised bezels, clear back.',
        NULL,
        5,
        22,
        '2023-09-22 10:00:00',
        '2025-01-15 12:00:00'
    ),
    (
        90,
        'Spigen Tough Armor Samsung S24 Ultra',
        'spigen-tough-armor-s24-ultra',
        'SPG-TA-S24U',
        '',
        'https://images.unsplash.com/photo-1598327105666-5b89351aff97?w=800',
        799,
        150,
        'Phone Case',
        'Spigen Tough Armor case for Galaxy S24 Ultra, dual-layer protection, kickstand, S Pen compatible.',
        NULL,
        5,
        22,
        '2024-01-17 10:00:00',
        '2025-01-15 12:00:00'
    ),
    (
        91,
        'Spigen Liquid Crystal iPhone 15',
        'spigen-liquid-crystal-iphone-15',
        'SPG-LC-IP15',
        '',
        'https://images.unsplash.com/photo-1592899677977-9c10ca588bbd?w=800',
        399,
        180,
        'Phone Case',
        'Spigen Liquid Crystal case for iPhone 15, slim clear protection, shows off phone design, anti-yellowing.',
        NULL,
        5,
        22,
        '2023-09-22 10:00:00',
        '2025-01-15 12:00:00'
    ),
    (
        92,
        'Baseus 100W GaN Charger',
        'baseus-100w-gan-charger',
        'BASEUS-GAN-100W',
        '',
        'https://images.unsplash.com/photo-1588423771073-b8903fbb85b5?w=800',
        1999,
        60,
        'Charger',
        'Baseus 100W GaN Charger with 4 ports, compact design, charges laptop and phones simultaneously.',
        NULL,
        5,
        23,
        '2023-06-01 10:00:00',
        '2025-01-15 12:00:00'
    ),
    (
        93,
        'Baseus iPhone 15 Pro Max Case',
        'baseus-iphone-15-pro-max-case',
        'BASEUS-IP15PM-CASE',
        '',
        'https://images.unsplash.com/photo-1598327105666-5b89351aff97?w=800',
        349,
        100,
        'Phone Case',
        'Baseus case for iPhone 15 Pro Max, magnetic ring compatible, matte finish, 3M adhesive.',
        NULL,
        5,
        23,
        '2023-09-22 10:00:00',
        '2025-01-15 12:00:00'
    ),
    (
        94,
        'Baseus 3-in-1 Wireless Charger',
        'baseus-3in1-wireless-charger',
        'BASEUS-3IN1-WC',
        '',
        'https://images.unsplash.com/photo-1588423771073-b8903fbb85b5?w=800',
        1499,
        45,
        'Wireless Charger',
        'Baseus 3-in-1 Wireless Charger for iPhone, Apple Watch, AirPods, 15W fast charging.',
        NULL,
        5,
        23,
        '2023-06-01 10:00:00',
        '2025-01-15 12:00:00'
    ),
    (
        95,
        'Belkin BoostCharge Pro 3-in-1',
        'belkin-boostcharge-pro-3in1',
        'BELKIN-BCP-3IN1',
        '',
        'https://images.unsplash.com/photo-1588423771073-b8903fbb85b5?w=800',
        3999,
        30,
        'Wireless Charger',
        'Belkin BoostCharge Pro 3-in-1 with MagSafe, charges iPhone, Apple Watch, AirPods, 15W fast charging.',
        NULL,
        5,
        24,
        '2022-10-18 10:00:00',
        '2025-01-15 12:00:00'
    ),
    (
        96,
        'Belkin USB-C to HDMI Cable 2m',
        'belkin-usbc-hdmi-2m',
        'BELKIN-CBL-HDMI-2M',
        '',
        'https://images.unsplash.com/photo-1588423771073-b8903fbb85b5?w=800',
        1299,
        50,
        'Cable',
        'Belkin USB-C to HDMI Cable 2m, 4K@60Hz, plug and play, premium braided cable.',
        NULL,
        5,
        24,
        '2023-06-01 10:00:00',
        '2025-01-15 12:00:00'
    ),
    (
        97,
        'SanDisk Extreme Pro 256GB',
        'sandisk-extreme-pro-256gb',
        'SD-EXP-PRO-256',
        '',
        'https://images.unsplash.com/photo-1598327105666-5b89351aff97?w=800',
        1299,
        80,
        'Storage',
        'SanDisk Extreme Pro 256GB microSD card, up to 200MB/s read, A2 speed, 4K UHD capable.',
        NULL,
        5,
        24,
        '2023-01-10 10:00:00',
        '2025-01-15 12:00:00'
    ),
    (
        98,
        'Samsung T7 Shield 1TB SSD',
        'samsung-t7-shield-1tb',
        'SAM-T7S-1TB',
        '',
        'https://images.unsplash.com/photo-1598327105666-5b89351aff97?w=800',
        4999,
        35,
        'Storage',
        'Samsung T7 Shield 1TB Portable SSD, IP65 rated, 1050MB/s transfer speed, USB 3.2 Gen 2.',
        NULL,
        5,
        2,
        '2023-06-01 10:00:00',
        '2025-01-15 12:00:00'
    ),
    (
        99,
        'Apple Watch Magnetic Charger',
        'apple-watch-magnetic-charger',
        'APL-WATCH-CHG',
        '',
        'https://images.unsplash.com/photo-1588423771073-b8903fbb85b5?w=800',
        1799,
        60,
        'Charger',
        'Apple Watch Magnetic Charger to USB-C Cable 1m, fast charging for Apple Watch Series 7+.',
        NULL,
        5,
        1,
        '2020-10-13 10:00:00',
        '2025-01-15 12:00:00'
    ),
    (
        100,
        'Logitech MX Keys S',
        'logitech-mx-keys-s',
        'LOG-MX-KEYS-S',
        '',
        'https://images.unsplash.com/photo-1588423771073-b8903fbb85b5?w=800',
        3999,
        25,
        'Keyboard',
        'Logitech MX Keys S wireless keyboard, backlit keys, multi-device, USB-C charging, Bluetooth.',
        NULL,
        5,
        24,
        '2023-08-29 10:00:00',
        '2025-01-15 12:00:00'
    );

-- =============================================
-- PRODUCTS - SMART HOME (20)
-- =============================================
INSERT INTO
    products_product (
        id,
        name,
        slug,
        sku,
        img,
        img_link,
        price,
        stock,
        type,
        description,
        external_link,
        category_id,
        brand_id,
        created_at,
        updated_at
    )
VALUES
    (
        101,
        'Google Nest Hub 2nd Gen',
        'google-nest-hub-2nd-gen',
        'GGL-NH-2',
        '',
        'https://images.unsplash.com/photo-1558002038-1055907df827?w=800',
        3999,
        40,
        'Smart Display',
        'Google Nest Hub 2nd Gen with 7-inch touchscreen, Google Assistant, sleep sensing, smart home control.',
        NULL,
        6,
        5,
        '2021-03-30 10:00:00',
        '2025-01-15 12:00:00'
    ),
    (
        102,
        'Google Nest Mini 2nd Gen',
        'google-nest-mini-2nd-gen',
        'GGL-NM-2',
        '',
        'https://images.unsplash.com/photo-1558002038-1055907df827?w=800',
        1999,
        60,
        'Smart Speaker',
        'Google Nest Mini 2nd Gen, voice assistant, smart home control, wall mountable, eco-friendly design.',
        NULL,
        6,
        5,
        '2019-10-22 10:00:00',
        '2025-01-15 12:00:00'
    ),
    (
        103,
        'Google Nest Doorbell Battery',
        'google-nest-doorbell-battery',
        'GGL-NDB',
        '',
        'https://images.unsplash.com/photo-1558002038-1055907df827?w=800',
        7999,
        20,
        'Smart Doorbell',
        'Google Nest Doorbell (Battery), HD video, night vision, intelligent alerts, 3-hour video history.',
        NULL,
        6,
        5,
        '2021-08-24 10:00:00',
        '2025-01-15 12:00:00'
    ),
    (
        104,
        'Google Nest Cam Indoor',
        'google-nest-cam-indoor',
        'GGL-NC-I',
        '',
        'https://images.unsplash.com/photo-1558002038-1055907df827?w=800',
        3999,
        35,
        'Security Camera',
        'Google Nest Cam Indoor, 1080p HD, night vision, two-way audio, intelligent alerts.',
        NULL,
        6,
        5,
        '2021-08-24 10:00:00',
        '2025-01-15 12:00:00'
    ),
    (
        105,
        'Amazon Echo Dot 5th Gen',
        'amazon-echo-dot-5th-gen',
        'AMZ-ED-5',
        '',
        'https://images.unsplash.com/photo-1558002038-1055907df827?w=800',
        2299,
        50,
        'Smart Speaker',
        'Amazon Echo Dot 5th Gen with Alexa, improved sound, temperature sensor, tap to snooze.',
        NULL,
        6,
        27,
        '2022-05-09 10:00:00',
        '2025-01-15 12:00:00'
    ),
    (
        106,
        'Amazon Echo Show 8',
        'amazon-echo-show-8',
        'AMZ-ES-8',
        '',
        'https://images.unsplash.com/photo-1558002038-1055907df827?w=800',
        5999,
        25,
        'Smart Display',
        'Amazon Echo Show 8 with 8-inch HD display, Alexa, video calling, smart home hub, adaptive color.',
        NULL,
        6,
        27,
        '2023-06-13 10:00:00',
        '2025-01-15 12:00:00'
    ),
    (
        107,
        'Amazon Echo Show 5',
        'amazon-echo-show-5',
        'AMZ-ES-5',
        '',
        'https://images.unsplash.com/photo-1558002038-1055907df827?w=800',
        3499,
        30,
        'Smart Display',
        'Amazon Echo Show 5 with 5.5-inch display, Alexa, camera cover, compact design, smart home control.',
        NULL,
        6,
        27,
        '2023-06-13 10:00:00',
        '2025-01-15 12:00:00'
    ),
    (
        108,
        'Amazon Echo Buds',
        'amazon-echo-buds',
        'AMZ-EB',
        '',
        'https://images.unsplash.com/photo-1606220588913-b3aacb4d2f46?w=800',
        3999,
        25,
        'Smart Earbuds',
        'Amazon Echo Buds with Alexa built-in, ANC, 20-hour battery with case, comfortable fit.',
        NULL,
        6,
        27,
        '2023-06-13 10:00:00',
        '2025-01-15 12:00:00'
    ),
    (
        109,
        'TP-Link Tapo C200',
        'tp-link-tapo-c200',
        'TPL-TC200',
        '',
        'https://images.unsplash.com/photo-1558002038-1055907df827?w=800',
        1499,
        70,
        'Security Camera',
        'TP-Link Tapo C200, 1080p HD, 360° rotation, night vision, two-way audio, motion detection.',
        NULL,
        6,
        25,
        '2022-03-15 10:00:00',
        '2025-01-15 12:00:00'
    ),
    (
        110,
        'TP-Link Tapo C310',
        'tp-link-tapo-c310',
        'TPL-TC310',
        '',
        'https://images.unsplash.com/photo-1558002038-1055907df827?w=800',
        2499,
        50,
        'Security Camera',
        'TP-Link Tapo C310, 3MP HD, IP66 weatherproof, night vision 30m, local storage, smart detection.',
        NULL,
        6,
        25,
        '2023-06-01 10:00:00',
        '2025-01-15 12:00:00'
    ),
    (
        111,
        'TP-Link Deco X50 Mesh Wi-Fi 6',
        'tp-link-deco-x50',
        'TPL-DX50',
        '',
        'https://images.unsplash.com/photo-1558002038-1055907df827?w=800',
        4999,
        30,
        'Wi-Fi System',
        'TP-Link Deco X50 Mesh Wi-Fi 6, covers up to 5000 sq ft, 3-pack, AI-driven mesh, parental controls.',
        NULL,
        6,
        25,
        '2023-06-01 10:00:00',
        '2025-01-15 12:00:00'
    ),
    (
        112,
        'TP-Link Kasa Smart Plug',
        'tp-link-kasa-smart-plug',
        'TPL-KSP',
        '',
        'https://images.unsplash.com/photo-1558002038-1055907df827?w=800',
        599,
        100,
        'Smart Plug',
        'TP-Link Kasa Smart Plug, Wi-Fi enabled, voice control, schedule and timer, compact design.',
        NULL,
        6,
        25,
        '2022-03-15 10:00:00',
        '2025-01-15 12:00:00'
    ),
    (
        113,
        'Ring Video Doorbell Wired',
        'ring-video-doorbell-wired',
        'RNG-VDB-W',
        '',
        'https://images.unsplash.com/photo-1558002038-1055907df827?w=800',
        3499,
        25,
        'Smart Doorbell',
        'Ring Video Doorbell Wired, 1080p HD, advanced motion detection, night vision, two-way talk.',
        NULL,
        6,
        26,
        '2021-09-07 10:00:00',
        '2025-01-15 12:00:00'
    ),
    (
        114,
        'Ring Stick Up Cam Battery',
        'ring-stick-up-cam-battery',
        'RNG-SUC-B',
        '',
        'https://images.unsplash.com/photo-1558002038-1055907df827?w=800',
        4999,
        20,
        'Security Camera',
        'Ring Stick Up Cam Battery, 1080p HD, indoor/outdoor, night vision, two-way audio, motion alerts.',
        NULL,
        6,
        26,
        '2021-09-07 10:00:00',
        '2025-01-15 12:00:00'
    ),
    (
        115,
        'Xiaomi Mi Smart Plug',
        'xiaomi-mi-smart-plug',
        'XMI-MSP',
        '',
        'https://images.unsplash.com/photo-1558002038-1055907df827?w=800',
        499,
        80,
        'Smart Plug',
        'Xiaomi Mi Smart Plug with Wi-Fi, power monitoring, timer, works with Google Assistant and Alexa.',
        NULL,
        6,
        3,
        '2022-03-15 10:00:00',
        '2025-01-15 12:00:00'
    ),
    (
        116,
        'Xiaomi Mi Home Security Camera 360°',
        'xiaomi-mi-home-security-camera-360',
        'XMI-MHSC',
        '',
        'https://images.unsplash.com/photo-1558002038-1055907df827?w=800',
        1299,
        55,
        'Security Camera',
        'Xiaomi Mi Home Security Camera 360°, 1080p, AI human detection, night vision, two-way audio.',
        NULL,
        6,
        3,
        '2023-06-01 10:00:00',
        '2025-01-15 12:00:00'
    ),
    (
        117,
        'Xiaomi Smart Air Purifier 4',
        'xiaomi-smart-air-purifier-4',
        'XMI-SAP4',
        '',
        'https://images.unsplash.com/photo-1558002038-1055907df827?w=800',
        6999,
        25,
        'Air Purifier',
        'Xiaomi Smart Air Purifier 4, H13 HEPA filter, covers 43-48 sqm, real-time air quality, quiet operation.',
        NULL,
        6,
        3,
        '2023-06-01 10:00:00',
        '2025-01-15 12:00:00'
    ),
    (
        118,
        'Philips Hue White Bulb E27',
        'philips-hue-white-bulb-e27',
        'PH-HUE-WB-E27',
        '',
        'https://images.unsplash.com/photo-1558002038-1055907df827?w=800',
        1499,
        50,
        'Smart Bulb',
        'Philips Hue White Bulb E27, 806 lumens, adjustable brightness, works with Hue Bridge, voice control.',
        NULL,
        6,
        28,
        '2022-03-15 10:00:00',
        '2025-01-15 12:00:00'
    ),
    (
        119,
        'Philips Hue Play Light Bar',
        'philips-hue-play-light-bar',
        'PH-HUE-PLAY',
        '',
        'https://images.unsplash.com/photo-1558002038-1055907df827?w=800',
        3499,
        30,
        'Smart Light',
        'Philips Hue Play Light Bar, 16 million colors, sync with TV/games, adhesive or stand mount.',
        NULL,
        6,
        28,
        '2022-03-15 10:00:00',
        '2025-01-15 12:00:00'
    ),
    (
        120,
        'Philips Hue Gradient Signe Table Lamp',
        'philips-hue-gradient-signe',
        'PH-HUE-SIGNE',
        '',
        'https://images.unsplash.com/photo-1558002038-1055907df827?w=800',
        9999,
        15,
        'Smart Lamp',
        'Philips Hue Gradient Signe Table Lamp, gradient light, 16M colors, Bluetooth + Hue Bridge, slim design.',
        NULL,
        6,
        28,
        '2022-09-01 10:00:00',
        '2025-01-15 12:00:00'
    );

-- =============================================
-- PRODUCT TAGS (M2M)
-- =============================================
INSERT INTO
    products_product_tags (id, product_id, tag_id)
VALUES
    (1, 1, 1),
    (2, 1, 5),
    (3, 1, 9),
    (4, 2, 1),
    (5, 2, 5),
    (6, 3, 1),
    (7, 4, 1),
    (8, 4, 4),
    (9, 4, 5),
    (10, 5, 1),
    (11, 6, 1),
    (12, 6, 4),
    (13, 7, 5),
    (14, 9, 1),
    (15, 9, 5),
    (16, 13, 1),
    (17, 13, 5),
    (18, 16, 1),
    (19, 16, 5),
    (20, 21, 1),
    (21, 21, 5),
    (22, 21, 2),
    (23, 22, 1),
    (24, 22, 5),
    (25, 23, 1),
    (26, 25, 5),
    (27, 31, 5),
    (28, 33, 8),
    (29, 34, 8),
    (30, 41, 1),
    (31, 41, 2),
    (32, 46, 2),
    (33, 46, 5),
    (34, 49, 1),
    (35, 49, 5),
    (36, 61, 1),
    (37, 61, 5),
    (38, 66, 1),
    (39, 66, 5),
    (40, 70, 2),
    (41, 81, 2),
    (42, 86, 2),
    (43, 101, 1),
    (44, 105, 2);

-- =============================================
-- REVIEWS
-- =============================================
INSERT INTO
    products_review (
        id,
        product_id,
        user_id,
        rating,
        comment,
        created_at,
        updated_at
    )
VALUES
    (
        1,
        1,
        1,
        5,
        'Amazing phone! The camera quality is outstanding and the titanium design feels premium. Battery life is great.',
        '2024-10-15 14:30:00',
        '2024-10-15 14:30:00'
    ),
    (
        2,
        1,
        2,
        5,
        'Best iPhone I have ever used. The Action Button is a game changer.',
        '2024-11-20 10:00:00',
        '2024-11-20 10:00:00'
    ),
    (
        3,
        1,
        3,
        4,
        'Great phone but the price is very high. Camera is excellent though.',
        '2024-12-05 16:45:00',
        '2024-12-05 16:45:00'
    ),
    (
        4,
        4,
        1,
        5,
        'Galaxy S24 Ultra is incredible! The S Pen is so useful and the camera system is amazing.',
        '2024-02-10 11:00:00',
        '2024-02-10 11:00:00'
    ),
    (
        5,
        4,
        2,
        5,
        'Best Android phone right now. The AI features are genuinely useful.',
        '2024-03-15 09:30:00',
        '2024-03-15 09:30:00'
    ),
    (
        6,
        9,
        1,
        4,
        'Xiaomi 14 Pro is a great flagship killer. The Leica camera is fantastic.',
        '2024-04-20 13:00:00',
        '2024-04-20 13:00:00'
    ),
    (
        7,
        16,
        1,
        5,
        'Pixel 8 Pro has the best camera on any phone. Magic Eraser is incredible!',
        '2024-01-10 15:00:00',
        '2024-01-10 15:00:00'
    ),
    (
        8,
        16,
        3,
        5,
        'Pure Android experience with amazing AI features. 7 years of updates is outstanding.',
        '2024-02-25 10:30:00',
        '2024-02-25 10:30:00'
    ),
    (
        9,
        21,
        1,
        5,
        'MacBook Pro M3 Pro is a powerhouse. Battery life is insane - lasts all day!',
        '2024-01-05 12:00:00',
        '2024-01-05 12:00:00'
    ),
    (
        10,
        21,
        2,
        5,
        'Best laptop for professionals. The display is stunning.',
        '2024-02-20 14:00:00',
        '2024-02-20 14:00:00'
    ),
    (
        11,
        25,
        1,
        4,
        'Beautiful OLED display and great performance. A bit pricey but worth it.',
        '2023-08-10 11:00:00',
        '2023-08-10 11:00:00'
    ),
    (
        12,
        41,
        1,
        5,
        'AirPods Pro 2 are the best wireless earbuds. The noise cancellation is amazing!',
        '2023-10-01 09:00:00',
        '2023-10-01 09:00:00'
    ),
    (
        13,
        41,
        2,
        5,
        'Best sound quality and comfortable fit. Battery life is excellent.',
        '2023-11-15 16:00:00',
        '2023-11-15 16:00:00'
    ),
    (
        14,
        41,
        3,
        4,
        'Great earbuds, but I wish they had better bass.',
        '2023-12-20 10:00:00',
        '2023-12-20 10:00:00'
    ),
    (
        15,
        46,
        1,
        5,
        'Sony WH-1000XM5 are the best noise-canceling headphones. Incredibly comfortable!',
        '2023-06-10 14:00:00',
        '2023-06-10 14:00:00'
    ),
    (
        16,
        46,
        2,
        5,
        'Best headphones I have ever owned. The sound quality is exceptional.',
        '2023-07-25 11:00:00',
        '2023-07-25 11:00:00'
    ),
    (
        17,
        61,
        1,
        5,
        'iPad Pro M4 is incredibly powerful. The XDR display is stunning!',
        '2024-06-20 10:00:00',
        '2024-06-20 10:00:00'
    ),
    (
        18,
        61,
        3,
        5,
        'Perfect for creative professionals. Runs all apps smoothly.',
        '2024-07-15 15:00:00',
        '2024-07-15 15:00:00'
    ),
    (
        19,
        66,
        1,
        4,
        'Great tablet for productivity. The S Pen is very responsive.',
        '2023-09-01 12:00:00',
        '2023-09-01 12:00:00'
    ),
    (
        20,
        101,
        1,
        4,
        'Nest Hub is great for controlling smart home devices. Sleep sensing is useful.',
        '2022-06-10 09:00:00',
        '2022-06-10 09:00:00'
    ),
    (
        21,
        101,
        2,
        5,
        'Perfect bedside smart display. Sound quality is good for the size.',
        '2022-07-20 14:00:00',
        '2022-07-20 14:00:00'
    ),
    (
        22,
        105,
        1,
        4,
        'Echo Dot is great value. Alexa works well for basic tasks.',
        '2023-01-15 11:00:00',
        '2023-01-15 11:00:00'
    ),
    (
        23,
        109,
        1,
        5,
        'TP-Link Tapo C200 offers great value. Easy setup and clear video quality.',
        '2022-05-10 10:00:00',
        '2022-05-10 10:00:00'
    ),
    (
        24,
        109,
        2,
        4,
        'Good budget security camera. The app is user-friendly.',
        '2022-06-25 13:00:00',
        '2022-06-25 13:00:00'
    );

INSERT INTO
    products_wishlist (id, user_id, product_id, created_at)
VALUES
    (1, 1, 22, '2025-01-10 10:00:00'),
    (2, 1, 49, '2025-01-11 14:00:00'),
    (3, 1, 66, '2025-01-12 09:00:00'),
    (4, 1, 101, '2025-01-13 16:00:00'),
    (5, 2, 1, '2025-01-08 11:00:00'),
    (6, 2, 34, '2025-01-09 15:00:00'),
    (7, 2, 46, '2025-01-10 10:00:00'),
    (8, 2, 61, '2025-01-11 13:00:00'),
    (9, 3, 4, '2025-01-07 12:00:00'),
    (10, 3, 21, '2025-01-08 09:00:00'),
    (11, 3, 41, '2025-01-09 14:00:00'),
    (12, 3, 62, '2025-01-10 11:00:00');

INSERT INTO
    cart_cart (id, user_id, created_at, updated_at)
VALUES
    (
        1,
        1,
        '2025-01-14 10:00:00',
        '2025-01-15 12:00:00'
    ),
    (
        2,
        2,
        '2025-01-13 14:00:00',
        '2025-01-15 10:00:00'
    ),
    (
        3,
        3,
        '2025-01-12 09:00:00',
        '2025-01-14 16:00:00'
    );

INSERT INTO
    cart_cartitem (
        id,
        cart_id,
        product_id,
        quantity,
        created_at,
        updated_at
    )
VALUES
    (
        1,
        1,
        1,
        1,
        '2025-01-14 10:30:00',
        '2025-01-15 12:00:00'
    ),
    (
        2,
        1,
        81,
        2,
        '2025-01-14 11:00:00',
        '2025-01-15 12:00:00'
    ),
    (
        3,
        1,
        86,
        1,
        '2025-01-14 11:30:00',
        '2025-01-15 12:00:00'
    ),
    (
        4,
        2,
        41,
        1,
        '2025-01-13 14:30:00',
        '2025-01-15 10:00:00'
    ),
    (
        5,
        2,
        70,
        1,
        '2025-01-13 15:00:00',
        '2025-01-15 10:00:00'
    ),
    (
        6,
        2,
        109,
        2,
        '2025-01-13 15:30:00',
        '2025-01-15 10:00:00'
    ),
    (
        7,
        3,
        25,
        1,
        '2025-01-12 09:30:00',
        '2025-01-14 16:00:00'
    ),
    (
        8,
        3,
        61,
        1,
        '2025-01-12 10:00:00',
        '2025-01-14 16:00:00'
    );

INSERT INTO
    orders_order (
        id,
        user_id,
        status,
        payment_method,
        payment_status,
        total_amount,
        shipping_address,
        phone,
        notes,
        created_at,
        updated_at
    )
VALUES
    (
        1,
        1,
        'delivered',
        'cash_on_delivery',
        'paid',
        65498,
        '15 Mohamed Naguib St., Apt 5, Downtown, Cairo',
        '01012345678',
        'Please deliver after 5 PM',
        '2025-01-05 14:00:00',
        '2025-01-10 16:00:00'
    ),
    (
        2,
        1,
        'shipped',
        'cash_on_delivery',
        'paid',
        72998,
        '20 Tahrir St., Business Tower, Floor 10, Cairo',
        '01012345679',
        '',
        '2025-01-12 10:00:00',
        '2025-01-15 08:00:00'
    ),
    (
        3,
        2,
        'processing',
        'cash_on_delivery',
        'pending',
        33998,
        '42 Ahmed Zewail St., Villa 3, Maadi, Cairo',
        '01098765432',
        'Call before delivery',
        '2025-01-13 11:00:00',
        '2025-01-15 12:00:00'
    ),
    (
        4,
        3,
        'pending',
        'cash_on_delivery',
        'pending',
        89999,
        '8 El-Messaha St., Building B, Dokki, Giza',
        '01123456789',
        '',
        '2025-01-14 09:00:00',
        '2025-01-14 09:00:00'
    );

INSERT INTO
    orders_orderitem (id, order_id, product_id, quantity, price)
VALUES
    (1, 1, 21, 1, 119999),
    (2, 1, 46, 1, 15999),
    (3, 1, 81, 2, 2499),
    (4, 2, 4, 1, 57999),
    (5, 2, 41, 1, 9999),
    (6, 2, 86, 2, 2499),
    (7, 3, 61, 1, 29999),
    (8, 3, 101, 1, 3999),
    (9, 4, 25, 1, 89999);

ALTER TABLE products_category AUTO_INCREMENT = 7;

ALTER TABLE products_brand AUTO_INCREMENT = 29;

ALTER TABLE products_tag AUTO_INCREMENT = 11;

ALTER TABLE products_product AUTO_INCREMENT = 121;

ALTER TABLE products_product_tags AUTO_INCREMENT = 45;

ALTER TABLE products_review AUTO_INCREMENT = 25;

ALTER TABLE products_wishlist AUTO_INCREMENT = 13;

ALTER TABLE cart_cart AUTO_INCREMENT = 4;

ALTER TABLE cart_cartitem AUTO_INCREMENT = 9;

ALTER TABLE orders_order AUTO_INCREMENT = 5;

ALTER TABLE orders_orderitem AUTO_INCREMENT = 10;

ALTER TABLE auth_user AUTO_INCREMENT = 4;

ALTER TABLE users_profile AUTO_INCREMENT = 4;

ALTER TABLE users_address AUTO_INCREMENT = 5;

SET
    FOREIGN_KEY_CHECKS = 1;

COMMIT;
